# hrus.csv created Fri, 16 Jun 2023, 18:14:47 called by HRU-delin
@T,hrus,
name,hrus.csv,
descr,hrus input parameter file,
,
@H,ID,x,y,elevation,area,type,slope,aspect,flowlength,soilID,landuseID,hgeoID,subcatch,
min,0,-180,-90,0,0,0,0,0,0,0,0,0,0,
max,9999,180,90,10000,9999999999,3,90,360,999999,9999,9999,9999,99999,
unit,n/a,longitude,latitude,m,m2,n/a,deg,deg,m,n/a,n/a,n/a,n/a,
,1,-105.55322195,40.67358133,2561,36700,1,10.696,314,0,0,15,0,7,,
,2,-105.54487517,40.67128963,2523,314700,1,7.826,270,0,0,15,0,4,,
,3,-105.54909189,40.67285308,2533,59800,1,14.077,256,0,0,15,0,7,,
,4,-105.59972437,40.67194538,2727,24900,1,9.604,268,0,0,2,0,1,,
,5,-105.58525883,40.67068234,2692,36500,1,6.918,147,0,0,2,0,5,,
,6,-105.5544582,40.66898361,2526,185500,1,12.136,-17,0,0,2,0,7,,
,7,-105.55175661,40.6714777,2517,188400,1,7.772,-38,0,0,15,0,7,,
,8,-105.59316558,40.67290848,2709,20200,1,8.483,300,0,0,2,0,5,,
,9,-105.58694668,40.66995702,2662,337700,1,15.805,256,0,0,2,0,5,,
,10,-105.59700131,40.670912,2682,164300,1,15.204,277,0,0,2,0,1,,
,11,-105.55891578,40.67080526,2579,94800,1,8.355,-43,0,0,2,0,7,,
,12,-105.59753086,40.67262642,2724,22000,1,17.562,273,0,0,2,0,1,,
,13,-105.58755698,40.67174072,2686,53700,1,14.489,268,0,0,2,0,5,,
,14,-105.5606104,40.67113707,2603,28900,1,10.256,-42,0,0,2,0,7,,
,15,-105.52798718,40.67031931,2586,66200,1,12.253,183,0,0,2,0,2,,
,16,-105.53078156,40.67026814,2568,21200,1,7.954,310,0,0,2,0,2,,
,17,-105.56605739,40.67031823,2617,72300,1,11.339,308,0,0,2,0,3,,
,18,-105.5633189,40.66687574,2548,347700,1,13.762,291,0,0,2,0,3,,
,19,-105.53336037,40.66830116,2529,160200,1,14.854,280,0,0,2,0,2,,
,20,-105.59758396,40.66871235,2680,95700,1,15.595,41,0,0,3,0,1,,
,21,-105.60330089,40.66939244,2704,20700,1,15.973,301,0,0,2,0,1,,
,22,-105.57062965,40.6688321,2629,50200,1,11.034,-17,0,0,2,0,3,,
,23,-105.53516838,40.66955171,2565,44700,1,8.685,260,0,0,2,0,2,,
,24,-105.60613782,40.66860448,2733,32900,1,15.428,304,0,0,3,0,1,,
,25,-105.5748137,40.66856623,2675,30500,1,8.156,-25,0,0,2,0,17,,
,26,-105.55263415,40.66872701,2504,42800,1,9.458,-33,0,0,2,0,7,,
,27,-105.53020977,40.66739493,2549,39800,1,20.317,140,0,0,3,0,2,,
,28,-105.59878721,40.67038998,2665,55300,1,16.417,113,0,0,2,0,1,,
,29,-105.56877164,40.67028239,2627,49100,1,7.155,310,0,0,2,0,3,,
,30,-105.6039348,40.66820129,2688,48100,1,12.687,310,0,0,2,0,1,,
,31,-105.59024814,40.66922728,2619,33300,1,11.651,282,0,0,2,0,5,,
,32,-105.52821651,40.66904316,2566,57300,1,15.014,155,0,0,3,0,2,,
,33,-105.5900348,40.66845931,2618,35200,1,13.219,87,0,0,1,0,5,,
,34,-105.59476965,40.66847948,2640,27100,1,7.524,15,0,0,2,0,1,,
,35,-105.57581216,40.66632134,2627,165200,1,16.253,279,0,0,2,0,8,,
,36,-105.53779532,40.66854322,2548,43400,1,11.085,307,0,0,2,0,2,,
,37,-105.61304643,40.66624297,2777,44400,1,9.461,-44,0,0,3,0,6,,
,38,-105.54000878,40.66959118,2554,22100,1,6.816,221,0,0,15,0,4,,
,39,-105.60145174,40.66781678,2706,61000,1,17.755,107,0,0,3,0,1,,
,40,-105.5513275,40.66763034,2479,49600,1,11.851,309,0,0,1,0,7,,
,41,-105.53782463,40.66743706,2512,53700,1,26.904,275,0,0,2,0,2,,
,42,-105.54181914,40.66945177,2522,75200,1,13.601,202,0,0,15,0,4,,
,43,-105.59071843,40.66700794,2668,108700,1,15.943,90,0,0,2,0,5,,
,44,-105.54510475,40.66681913,2480,78800,1,12.202,9,0,0,2,0,4,,
,45,-105.54849441,40.66744365,2486,122700,1,13.104,263,0,0,15,0,7,,
,46,-105.58443512,40.66608377,2589,47300,1,20.183,55,0,0,1,0,5,,
,47,-105.57252192,40.66736325,2631,84800,1,13.666,303,0,0,2,0,17,,
,48,-105.55799636,40.66826518,2549,133500,1,12.995,263,0,0,2,0,7,,
,49,-105.54175147,40.66742636,2488,48000,1,20.633,241,0,0,2,0,4,,
,50,-105.58254445,40.66742137,2630,64800,1,25.952,259,0,0,2,0,5,,
,51,-105.6099021,40.66630217,2733,130600,1,14.451,312,0,0,2,0,6,,
,52,-105.59474463,40.66564237,2709,108500,1,15.421,101,0,0,3,0,1,,
,53,-105.56947793,40.66608373,2572,119400,1,13.236,310,0,0,2,0,17,,
,54,-105.58800379,40.66571504,2683,56400,1,21.691,51,0,0,1,0,5,,
,55,-105.60561549,40.66565916,2716,44400,1,13.274,131,0,0,2,0,9,,
,56,-105.60039374,40.66576682,2765,71400,1,17.484,130,0,0,3,0,1,,
,57,-105.56702117,40.66792408,2578,21400,1,6.806,-12,0,0,2,0,3,,
,58,-105.59747932,40.66687894,2709,52000,1,17.853,42,0,0,3,0,1,,
,59,-105.60303293,40.66665808,2726,37500,1,19.476,111,0,0,2,0,1,,
,60,-105.53349571,40.66633358,2511,40200,1,13.845,135,0,0,3,0,2,,
,61,-105.58242068,40.66643072,2585,55400,1,17.949,249,0,0,1,0,5,,
,62,-105.5565427,40.66684808,2515,40000,1,9.794,277,0,0,2,0,7,,
,63,-105.53573547,40.66592269,2499,27300,1,13.103,83,0,0,3,0,2,,
,64,-105.52818157,40.66339478,2485,65700,1,15.172,252,0,0,2,0,11,,
,65,-105.60947549,40.66467549,2732,48600,1,16.539,114,0,0,1,0,6,,
,66,-105.55591168,40.66452551,2489,109100,1,11.236,302,0,0,2,0,14,,
,67,-105.55476554,40.6654743,2494,44400,1,9.066,-35,0,0,2,0,14,,
,68,-105.53749136,40.66578452,2492,31600,1,22.573,86,0,0,3,0,2,,
,69,-105.53302073,40.66443811,2506,188900,1,20.755,263,0,0,2,0,11,,
,70,-105.58637674,40.66585065,2647,24400,1,28.343,65,0,0,1,0,5,,
,71,-105.54043869,40.66498624,2448,33500,1,19.142,177,0,0,2,0,2,,
,72,-105.54273132,40.66542498,2444,59600,1,11.618,11,0,0,2,0,4,,
,73,-105.57991137,40.66485999,2576,53900,1,15.876,219,0,0,2,0,5,,
,74,-105.55031893,40.66467562,2453,32500,1,5.589,-39,0,0,2,0,7,,
,75,-105.54779104,40.66516063,2466,33700,1,10.331,198,0,0,1,0,7,,
,76,-105.54528583,40.6645038,2469,22900,1,12.565,275,0,0,2,0,12,,
,77,-105.58374406,40.66518533,2612,21300,1,22.349,41,0,0,1,0,5,,
,78,-105.53842183,40.66466348,2489,28000,1,16.51,225,0,0,2,0,12,,
,79,-105.6058594,40.66103618,2806,230100,1,17.22,139,0,0,1,0,9,,
,80,-105.58569831,40.66326008,2631,53200,1,22.144,-13,0,0,3,0,10,,
,81,-105.59170462,40.66573485,2720,40700,1,19.407,93,0,0,3,0,5,,
,82,-105.61296396,40.66551837,2751,28300,1,7.37,-24,0,0,2,0,6,,
,83,-105.59845024,40.66464366,2784,62500,1,20.822,37,0,0,3,0,1,,
,84,-105.60781537,40.66305435,2741,53000,1,10.022,-14,0,0,1,0,9,,
,85,-105.59368459,40.66359402,2743,47200,1,7.446,306,0,0,3,0,10,,
,86,-105.5449232,40.6636501,2446,78000,1,11.724,285,0,0,2,0,12,,
,87,-105.60586119,40.66391637,2740,36000,1,16.583,135,0,0,2,0,9,,
,88,-105.59124025,40.66217987,2698,328300,1,15.868,299,0,1,3,0,10,,
,89,-105.57541923,40.66363103,2566,91400,1,8.561,-2,0,0,2,0,8,,
,90,-105.58289381,40.6632007,2579,61700,1,16.806,-20,0,1,3,0,10,,
,91,-105.61507483,40.66330662,2765,30000,1,15.588,-37,0,0,1,0,6,,
,92,-105.61109153,40.66284078,2772,58300,1,14.254,105,0,0,1,0,6,,
,93,-105.57275621,40.66430105,2563,26000,1,14.115,281,0,0,2,0,8,,
,94,-105.56659836,40.66311521,2512,243500,1,8.349,284,0,0,2,0,17,,
,95,-105.54898135,40.66260875,2458,64000,1,17.771,159,0,0,2,0,7,,
,96,-105.54185077,40.66222541,2409,27100,1,7.218,-29,0,0,2,0,12,,
,97,-105.53991695,40.6624434,2430,68500,1,13.876,210,0,0,2,0,12,,
,98,-105.60022092,40.66396092,2832,30300,1,15.894,83,0,0,3,0,1,,
,99,-105.55276626,40.66285618,2447,43900,1,10.294,275,0,0,2,0,14,,
,100,-105.59964533,40.66307066,2827,26800,1,18.947,292,0,0,3,0,10,,
,101,-105.598629,40.66161004,2791,110900,1,15.131,-14,0,0,3,0,10,,
,102,-105.57884197,40.66336247,2569,25100,1,14.74,255,0,0,2,0,16,,
,103,-105.57795429,40.66129689,2537,58800,1,17.687,252,0,0,2,0,16,,
,104,-105.55035026,40.66293125,2436,23200,1,11.469,309,0,0,2,0,7,,
,105,-105.55888625,40.66346344,2498,50200,1,11.558,-34,0,0,2,0,14,,
,106,-105.54683027,40.66167565,2477,49200,1,15.522,0,0,0,2,0,12,,
,107,-105.63248474,40.66234217,2913,74600,1,14.075,281,0,0,3,0,13,,
,108,-105.63450369,40.66305341,2938,25500,1,12.098,278,0,0,2,0,13,,
,109,-105.6111514,40.66442822,2725,41300,1,9.946,109,0,0,1,0,6,,
,110,-105.61384717,40.66183232,2773,28900,1,22.054,120,0,0,1,0,6,,
,111,-105.56241417,40.66396295,2493,58300,1,8.089,-12,0,0,2,0,3,,
,112,-105.55554372,40.66336235,2471,36600,1,7.64,-28,0,0,2,0,14,,
,113,-105.53348979,40.66248732,2435,104000,1,14.078,284,0,0,2,0,11,,
,114,-105.61658818,40.66169164,2767,37300,1,9.725,73,0,0,1,0,6,,
,115,-105.62173459,40.66196507,2814,70400,1,20.573,312,0,0,2,0,6,,
,116,-105.57746686,40.66245909,2571,21000,1,11.118,269,0,0,2,0,16,,
,117,-105.60627746,40.66180056,2792,30100,1,24.333,135,0,0,2,0,9,,
,118,-105.54357212,40.66094415,2421,130400,1,13.201,0,0,0,2,0,12,,
,119,-105.57221399,40.66230521,2524,87300,1,12.25,280,0,0,2,0,8,,
,120,-105.56357429,40.66270549,2487,20100,1,10.72,290,0,0,2,0,17,,
,121,-105.61022884,40.66153406,2775,62800,1,14.518,-20,0,0,2,0,9,,
,122,-105.57461301,40.66119296,2522,34000,1,14.454,291,0,0,2,0,8,,
,123,-105.63789871,40.66161852,2942,119500,1,7.524,10,0,0,3,0,13,,
,124,-105.58042297,40.66088088,2566,122000,1,14.063,23,0,1,3,0,16,,
,125,-105.58330496,40.66058172,2618,26600,1,11.812,-21,0,0,2,0,16,,
,126,-105.55565935,40.66181927,2450,87400,1,11.411,314,0,0,2,0,14,,
,127,-105.53728187,40.66199957,2433,39100,1,7.445,260,0,0,2,0,11,,
,128,-105.52850532,40.66185489,2471,38500,1,13.082,132,0,0,3,0,11,,
,129,-105.53107614,40.65908339,2423,164200,1,13.826,185,0,0,2,0,11,,
,130,-105.58514025,40.66127933,2615,40100,1,15.154,118,0,1,3,0,10,,
,131,-105.55068364,40.66076519,2445,48800,1,21.974,199,0,0,1,0,14,,
,132,-105.61333966,40.66009117,2814,31500,1,6.762,0,0,0,2,0,9,,
,133,-105.55921386,40.66137963,2463,29100,1,13.17,268,0,0,1,0,14,,
,134,-105.6308543,40.6605224,2875,99600,1,15.342,253,0,0,3,0,13,,
,135,-105.61429162,40.66057024,2806,21600,1,13.453,91,0,0,2,0,6,,
,136,-105.60274388,40.6610734,2847,32500,1,13.505,288,0,0,3,0,10,,
,137,-105.58791117,40.6606169,2641,51100,1,17.089,97,0,1,3,0,10,,
,138,-105.57114429,40.66123948,2498,34100,1,5.407,296,0,0,1,0,8,,
,139,-105.61039179,40.65962536,2767,33300,1,3.913,25,0,0,1,0,9,,
,140,-105.53459201,40.66095838,2411,36300,1,8.084,-32,0,0,2,0,11,,
,141,-105.62038474,40.66118261,2796,85800,1,12.667,42,0,0,1,0,6,,
,142,-105.56714359,40.660306,2485,22200,1,16.227,306,0,0,1,0,17,,
,143,-105.56331288,40.65967667,2480,73800,1,13.737,92,0,0,2,0,17,,
,144,-105.61464775,40.65578163,2822,302000,1,7.4,55,0,0,1,0,9,,
,145,-105.55520984,40.66047239,2447,38000,1,14.748,64,0,0,2,0,14,,
,146,-105.59840942,40.66140986,2785,26300,1,7.863,-3,0,0,3,0,10,,
,147,-105.57014523,40.659356,2509,40900,1,13.605,118,0,1,3,0,15,,
,148,-105.61848102,40.65898384,2837,157200,1,12.826,73,0,0,2,0,6,,
,149,-105.57283251,40.66041693,2509,26000,1,13.328,85,0,0,2,0,8,,
,150,-105.60160392,40.66017131,2806,29100,1,20.09,290,0,0,3,0,10,,
,151,-105.59953872,40.65960236,2781,40700,1,9.74,301,0,0,3,0,10,,
,152,-105.56492629,40.66086871,2484,34800,1,14.2,298,0,0,2,0,17,,
,153,-105.53797566,40.66017043,2418,37900,1,13.891,0,0,0,2,0,11,,
,154,-105.62686217,40.66053919,2845,22700,1,25.341,279,0,0,2,0,13,,
,155,-105.52861546,40.66034806,2475,47500,1,14.371,191,0,0,2,0,11,,
,156,-105.52660732,40.65952745,2498,24200,1,12.822,230,0,0,2,0,22,,
,157,-105.54761249,40.660218,2478,21700,1,24.325,290,0,0,2,0,12,,
,158,-105.63842365,40.659392,2968,301300,1,14.579,58,0,0,3,0,13,,
,159,-105.53973556,40.65974796,2408,34900,1,24.287,202,0,0,2,0,12,,
,160,-105.53602459,40.66013711,2406,54600,1,14.236,301,0,0,2,0,11,,
,161,-105.60602147,40.65990374,2819,27600,1,12.665,131,0,0,1,0,9,,
,162,-105.60432188,40.6590579,2817,49200,1,13.742,309,0,0,2,0,10,,
,163,-105.58826656,40.65971301,2655,22900,1,8.29,310,0,0,3,0,16,,
,164,-105.62868945,40.66011101,2840,54900,1,7.396,0,0,0,1,0,13,,
,165,-105.61415418,40.65852342,2809,65900,1,13.411,-32,0,0,2,0,9,,
,166,-105.57525583,40.65906806,2540,63700,1,7.117,46,0,0,3,0,8,,
,167,-105.62162651,40.65896299,2850,45200,1,10.976,114,0,0,2,0,6,,
,168,-105.59235953,40.66029673,2683,63600,1,9.886,41,0,1,3,0,10,,
,169,-105.58910826,40.65866005,2643,151400,1,15.356,298,0,1,3,0,16,,
,170,-105.55696096,40.65990985,2455,53900,1,14.228,79,0,0,3,0,14,,
,171,-105.55369127,40.65880085,2449,75500,1,11.874,285,0,0,2,0,18,,
,172,-105.5510831,40.66010914,2422,25100,1,19.393,18,0,0,1,0,14,,
,173,-105.56769319,40.65914195,2498,46000,1,13.494,12,0,0,3,0,17,,
,174,-105.54617163,40.65956058,2428,28200,1,25.855,287,0,0,2,0,12,,
,175,-105.5352495,40.65819902,2386,49800,1,12.048,139,0,0,2,0,11,,
,176,-105.62393448,40.65766605,2855,67900,1,12.149,154,0,0,1,0,19,,
,177,-105.62115598,40.66036602,2820,37100,1,18.91,115,0,0,1,0,6,,
,178,-105.59470086,40.65649543,2719,110100,1,16.148,0,0,1,3,0,16,,
,179,-105.62831391,40.65721192,2867,81400,1,14.837,-29,0,0,2,0,19,,
,180,-105.54770954,40.65899101,2407,32400,1,23.217,291,0,0,1,0,12,,
,181,-105.57807408,40.65863096,2545,30400,1,13.091,113,0,1,3,0,16,,
,182,-105.55775007,40.65505581,2527,333300,1,13.951,65,0,0,3,0,18,,
,183,-105.6281585,40.65925941,2846,40200,1,14.919,45,0,0,2,0,13,,
,184,-105.56168137,40.65888978,2490,40700,1,17.521,98,0,0,3,0,23,,
,185,-105.55862815,40.65853598,2484,54600,1,10.533,84,0,0,3,0,14,,
,186,-105.60370349,40.65741706,2800,89600,1,4.863,0,0,0,3,0,10,,
,187,-105.58278732,40.65868848,2576,99900,1,13.176,305,0,1,3,0,16,,
,188,-105.55223735,40.6581009,2440,26300,1,16.262,90,0,0,3,0,18,,
,189,-105.54177515,40.65907181,2384,41100,1,8.21,267,0,0,2,0,12,,
,190,-105.63014788,40.65827522,2871,24100,1,12.307,111,0,0,1,0,13,,
,191,-105.53795503,40.65791761,2384,39800,1,16.214,268,0,0,2,0,11,,
,192,-105.5442791,40.65805644,2396,38700,1,14.027,63,0,0,2,0,12,,
,193,-105.52798508,40.65690553,2401,29800,1,22.527,-31,0,0,2,0,22,,
,194,-105.64722984,40.6568428,3061,54600,1,14.522,-1,0,0,3,0,13,,
,195,-105.60688216,40.65744363,2818,42000,1,5.679,0,0,0,2,0,10,,
,196,-105.59898067,40.65846974,2758,20600,1,7.774,-13,0,1,4,0,10,,
,197,-105.57401723,40.65804269,2532,108600,1,8.09,-21,0,1,3,0,15,,
,198,-105.54852501,40.65812482,2417,49900,1,19.59,57,0,0,2,0,12,,
,199,-105.63377544,40.65760214,2879,30400,1,10.473,-33,0,0,1,0,13,,
,200,-105.59782165,40.65582385,2777,69900,1,13.385,-9,0,0,2,0,16,,
,201,-105.52606192,40.65852624,2469,33300,1,26.387,267,0,0,2,0,22,,
,202,-105.51851636,40.65485104,2397,63200,1,20.76,179,0,0,15,0,22,,
,203,-105.56547698,40.65417776,2561,230500,1,13.904,0,0,0,3,0,23,,
,204,-105.59980005,40.6573456,2781,95300,1,12.456,56,0,1,3,0,10,,
,205,-105.58229804,40.65778796,2555,25700,1,7.001,-44,0,1,4,0,16,,
,206,-105.5676423,40.65802077,2522,55000,1,15.685,54,0,1,3,0,17,,
,207,-105.56163638,40.65658033,2531,57800,1,10.552,51,0,0,3,0,14,,
,208,-105.57155521,40.65774044,2535,24100,1,19.046,125,0,1,3,0,15,,
,209,-105.58038787,40.65720375,2570,53800,1,14.298,100,0,1,3,0,16,,
,210,-105.52488852,40.65686324,2377,96800,1,23.072,282,0,0,2,0,22,,
,211,-105.5638967,40.65627063,2529,64300,1,15.545,108,0,0,3,0,23,,
,212,-105.63248482,40.65724008,2881,28100,1,17.165,101,0,0,1,0,13,,
,213,-105.59061444,40.6572772,2639,65900,1,13.576,20,0,1,3,0,16,,
,214,-105.55748473,40.65686685,2488,45500,1,7.647,0,0,0,3,0,18,,
,215,-105.54575498,40.65641319,2420,103400,1,8.782,49,0,0,3,0,20,,
,216,-105.5392392,40.65706776,2368,28600,1,9.675,47,0,0,2,0,11,,
,217,-105.54426651,40.65743767,2400,57700,1,10.769,73,0,0,3,0,20,,
,218,-105.5324549,40.65660523,2408,40200,1,13.275,4,0,0,2,0,11,,
,219,-105.63155452,40.65667314,2908,31500,1,17.356,113,0,0,3,0,13,,
,220,-105.61622158,40.65454357,2865,364100,1,12.858,99,0,0,1,0,9,,
,221,-105.58543666,40.65630058,2589,83900,1,11.832,78,0,1,3,0,16,,
,222,-105.56872185,40.65692723,2550,40700,1,11.032,56,0,1,3,0,17,,
,223,-105.53468648,40.65683031,2384,41300,1,23.794,180,0,0,2,0,11,,
,224,-105.52246766,40.65714693,2374,39100,1,32.543,283,0,0,2,0,22,,
,225,-105.64216224,40.65410819,2987,596400,1,15.398,101,0,0,1,0,13,,
,226,-105.57529599,40.65604765,2557,94700,1,14.245,-35,0,1,3,0,15,,
,227,-105.5517395,40.65357991,2521,342700,1,14.891,81,0,0,3,0,20,,
,228,-105.53843206,40.65600389,2375,79700,1,9.099,65,0,0,3,0,11,,
,229,-105.6359273,40.65606376,2893,31500,1,6.237,71,0,0,1,0,13,,
,230,-105.59432527,40.65374607,2671,241000,1,15,-26,0,1,2,0,16,,
,231,-105.60696697,40.65480463,2841,127500,1,7.996,80,0,0,2,0,10,,
,232,-105.58011939,40.65643666,2587,33200,1,8.029,84,0,1,3,0,16,,
,233,-105.5272329,40.6557413,2356,29500,1,18.731,287,0,0,2,0,22,,
,234,-105.56931148,40.65550188,2582,59900,1,13.542,76,0,1,3,0,17,,
,235,-105.53162269,40.65817069,2409,24800,1,8.434,255,0,0,2,0,11,,
,236,-105.6315524,40.65522653,2915,46900,1,14.054,-43,0,0,1,0,19,,
,237,-105.60165554,40.65589066,2820,53900,1,11.511,118,0,1,3,0,10,,
,238,-105.63488653,40.65438302,2937,23600,1,7.09,119,0,0,1,0,13,,
,239,-105.58107931,40.65479673,2589,54200,1,6.946,0,0,0,3,0,15,,
,240,-105.53089052,40.65547056,2376,40900,1,23.312,239,0,0,2,0,11,,
,241,-105.62652196,40.6561787,2865,85300,1,11.144,87,0,0,1,0,19,,
,242,-105.52350899,40.65504745,2335,25400,1,21.652,105,0,0,2,0,22,,
,243,-105.52194016,40.65328563,2387,163400,1,14.034,96,0,0,15,0,22,,
,244,-105.63149799,40.65124948,2974,409800,1,14.337,93,0,0,1,0,19,,
,245,-105.53493156,40.6547649,2361,25800,1,11.18,64,0,0,3,0,11,,
,246,-105.54144328,40.65485847,2401,30500,1,8.358,-31,0,1,3,0,21,,
,247,-105.6012303,40.65490295,2824,23100,1,14.24,308,0,0,2,0,16,,
,248,-105.57580764,40.65427857,2579,101900,1,14.619,120,0,1,3,0,15,,
,249,-105.55398661,40.65588915,2507,23300,1,20.687,88,0,0,3,0,18,,
,250,-105.54611744,40.65543311,2440,58700,1,15.682,72,0,0,4,0,20,,
,251,-105.53917063,40.65382606,2406,124400,1,13.21,89,0,1,3,0,21,,
,252,-105.64382737,40.65414112,2970,253900,1,7.362,0,0,0,1,0,13,,
,253,-105.58728484,40.65510041,2613,62900,1,11.825,87,0,1,3,0,16,,
,254,-105.5850662,40.653642,2631,47400,1,10.064,-8,0,1,3,0,15,,
,255,-105.53131677,40.65446936,2346,52300,1,12.708,270,0,1,2,0,11,,
,256,-105.52580565,40.65458636,2334,44300,1,10.45,74,0,0,1,0,22,,
,257,-105.58201598,40.6547375,2598,22200,1,8.981,-41,0,0,3,0,15,,
,258,-105.57595047,40.65498448,2554,39900,1,14.774,115,0,1,3,0,15,,
,259,-105.56343755,40.6534328,2570,63500,1,12.732,202,0,0,3,0,23,,
,260,-105.56721493,40.649657,2667,501200,1,14.372,58,0,1,3,0,23,,
,261,-105.54368008,40.65376134,2431,40700,1,14.097,-37,0,1,3,0,21,,
,262,-105.60282615,40.65367052,2811,67100,1,20.012,294,0,0,2,0,16,,
,263,-105.59942144,40.65380552,2761,41800,1,16.091,306,0,0,2,0,16,,
,264,-105.54273818,40.65318478,2426,34300,1,19.114,89,0,1,4,0,21,,
,265,-105.63463168,40.65330234,2939,66200,1,7.408,44,0,0,1,0,19,,
,266,-105.63348297,40.65231592,2938,84000,1,8.576,64,0,0,1,0,19,,
,267,-105.62726948,40.65496702,2889,64900,1,17.455,100,0,0,1,0,19,,
,268,-105.52824001,40.65298969,2351,43300,1,11.431,-26,0,0,2,0,25,,
,269,-105.5149868,40.65246255,2439,23500,1,10.699,113,0,0,15,0,22,,
,270,-105.57240132,40.653604,2624,62700,1,13.179,119,0,1,3,0,15,,
,271,-105.57017793,40.65335327,2626,20700,1,7.765,-8,0,0,2,0,23,,
,272,-105.53037186,40.65370273,2353,53500,1,15.86,80,0,0,3,0,11,,
,273,-105.65001584,40.65441125,3077,73600,1,22.027,-35,0,0,2,0,13,,
,274,-105.58876638,40.6538254,2639,90300,1,13.788,102,0,1,3,0,16,,
,275,-105.59238769,40.65273105,2647,29700,1,17.108,123,0,1,3,0,16,,
,276,-105.53692591,40.65149766,2412,153600,1,14.195,0,0,1,3,0,24,,
,277,-105.53614463,40.65327281,2389,33100,1,10.043,37,0,1,3,0,11,,
,278,-105.58251981,40.65299313,2606,35100,1,11.455,52,0,0,3,0,15,,
,279,-105.60043086,40.65210076,2735,44100,1,12.956,299,0,0,2,0,16,,
,280,-105.65306849,40.65165796,3096,130300,1,13.787,0,0,0,2,0,13,,
,281,-105.51980232,40.65339079,2378,26400,1,21.154,68,0,0,15,0,22,,
,282,-105.60727983,40.65282551,2854,48600,1,9.826,314,0,1,2,0,16,,
,283,-105.57919787,40.65206576,2616,43900,1,16.756,73,0,1,3,0,15,,
,284,-105.57688875,40.65292775,2605,45100,1,15.037,116,0,1,3,0,15,,
,285,-105.52578718,40.65245435,2373,26500,1,11.546,203,0,0,1,0,25,,
,286,-105.51653343,40.65317348,2422,69800,1,16.577,181,0,0,15,0,22,,
,287,-105.54813065,40.65278966,2509,46800,1,13.813,0,0,0,3,0,21,,
,288,-105.53192416,40.6511449,2390,60700,1,8.121,77,0,0,3,0,25,,
,289,-105.60368463,40.65237021,2788,42100,1,15.989,306,0,1,3,0,16,,
,290,-105.58767273,40.65109928,2694,57000,1,11.139,67,0,1,3,0,15,,
,291,-105.58400709,40.65147225,2634,65000,1,14.125,-13,0,1,3,0,15,,
,292,-105.62319837,40.65269172,2938,90000,1,13.937,27,0,0,2,0,9,,
,293,-105.61284657,40.65061181,2910,82700,1,15.079,-11,0,1,2,0,16,,
,294,-105.54821021,40.65211901,2498,26400,1,24.017,-33,0,0,2,0,21,,
,295,-105.64263938,40.65321416,2962,20400,1,7.431,60,0,0,1,0,13,,
,296,-105.58723,40.64928487,2687,141500,1,15.121,-37,0,1,3,0,15,,
,297,-105.57404683,40.65187845,2655,24200,1,10.664,116,0,1,3,0,15,,
,298,-105.57151496,40.6515469,2656,41900,1,7.447,49,0,0,3,0,23,,
,299,-105.54473494,40.65158828,2486,104000,1,22.042,75,0,1,3,0,21,,
,300,-105.59539484,40.64975693,2712,342300,1,14.645,95,0,1,3,0,16,,
,301,-105.5776655,40.64988054,2680,232800,1,15.653,98,0,1,3,0,15,,
,302,-105.51795326,40.6511537,2429,54100,1,14.856,9,0,0,15,0,22,,
,303,-105.53370463,40.65208247,2379,22700,1,12.957,73,0,0,3,0,24,,
,304,-105.52335209,40.65096172,2425,50900,1,15.069,146,0,0,15,0,25,,
,305,-105.59228594,40.6516196,2676,22800,1,14.942,112,0,1,3,0,16,,
,306,-105.53109731,40.64922064,2393,107400,1,13.622,0,0,0,2,0,25,,
,307,-105.58093557,40.65114238,2629,28400,1,9.304,79,0,1,3,0,15,,
,308,-105.55982661,40.65160758,2612,20500,1,10.799,61,0,0,3,0,18,,
,309,-105.63888788,40.65066978,3011,39300,1,13.178,4,0,0,1,0,19,,
,310,-105.60582571,40.65171133,2808,33700,1,18.546,310,0,1,3,0,16,,
,311,-105.61839565,40.6511065,2931,170100,1,14.528,100,0,0,3,0,9,,
,312,-105.52594787,40.65125216,2394,36600,1,14.035,93,0,0,1,0,25,,
,313,-105.62766628,40.65134144,2983,41000,1,9.395,86,0,0,3,0,19,,
,314,-105.528928,40.65030871,2367,29600,1,14.741,151,0,0,1,0,25,,
,315,-105.55799878,40.65234146,2586,22100,1,15.044,96,0,0,3,0,18,,
,316,-105.60392563,40.65085992,2753,28800,1,19.722,287,0,0,3,0,16,,
,317,-105.52733311,40.65161371,2372,22000,1,17.439,156,0,0,2,0,25,,
,318,-105.62012189,40.65007395,2960,21900,1,6.653,61,0,0,3,0,9,,
,319,-105.60875113,40.65121141,2837,49500,1,14.822,311,0,1,3,0,16,,
,320,-105.55648982,40.65042023,2622,28700,1,12.035,66,0,0,3,0,20,,
,321,-105.53425764,40.65084725,2395,44100,1,11.327,103,0,0,3,0,24,,
,322,-105.60760631,40.65028899,2797,39000,1,18.468,299,0,1,4,0,16,,
,323,-105.55892898,40.65024117,2634,37800,1,11.973,90,0,0,3,0,18,,
,324,-105.55239356,40.64989947,2573,47300,1,23.134,-39,0,0,2,0,21,,
,325,-105.60016422,40.6510125,2709,40600,1,13.365,295,0,0,2,0,16,,
,326,-105.54095397,40.64859093,2503,112200,1,22.662,0,0,1,3,0,24,,
,327,-105.59624606,40.6504774,2681,36100,1,14.464,101,0,1,2,0,16,,
,328,-105.52319853,40.6480094,2480,100500,1,16.272,143,0,0,15,0,25,,
,329,-105.5202553,40.64920555,2474,47800,1,16.01,11,0,0,15,0,22,,
,330,-105.55423834,40.65057272,2603,20300,1,24.592,80,0,0,3,0,20,,
,331,-105.5451227,40.65034202,2547,91200,1,22.707,93,0,1,3,0,21,,
,332,-105.60268749,40.65001144,2720,37600,1,8.591,19,0,0,4,0,16,,
,333,-105.58226709,40.6505253,2630,27500,1,13.483,137,0,1,3,0,15,,
,334,-105.55406872,40.64881927,2574,34600,1,15.417,282,0,0,2,0,21,,
,335,-105.55032465,40.64960761,2547,23600,1,23.252,109,0,1,3,0,21,,
,336,-105.63869009,40.64770585,3078,213600,1,15.619,93,0,0,1,0,19,,
,337,-105.55706188,40.64920589,2627,59600,1,15.341,277,0,0,2,0,21,,
,338,-105.64848718,40.64909958,3103,317000,1,16.14,60,0,0,3,0,13,,
,339,-105.61187265,40.64883034,2877,76700,1,16.454,0,0,1,3,0,16,,
,340,-105.5260067,40.64938649,2424,55700,1,13.16,152,0,0,1,0,25,,
,341,-105.52454071,40.64992532,2434,25200,1,13.468,93,0,0,15,0,25,,
,342,-105.6083662,40.64916728,2791,61000,1,14.19,-10,0,1,4,0,16,,
,343,-105.54771914,40.6494268,2574,23900,1,14.377,114,0,1,3,0,21,,
,344,-105.53540734,40.64911091,2425,50900,1,10.024,105,0,1,3,0,24,,
,345,-105.51779106,40.65020504,2433,46000,1,9.135,50,0,0,15,0,22,,
,346,-105.58438991,40.64882037,2643,39300,1,8.739,113,0,1,4,0,15,,
,347,-105.54322576,40.64705137,2577,139900,1,13.899,-2,0,1,3,0,24,,
,348,-105.53244443,40.6491297,2416,21000,1,11.807,48,0,0,3,0,25,,
,349,-105.60796471,40.64792341,2801,34700,1,13.086,28,0,1,3,0,16,,
,350,-105.58676019,40.6453665,2707,111700,1,14.437,96,0,1,3,0,15,,
,351,-105.55490479,40.64790278,2576,37400,1,7.896,-14,0,1,3,0,21,,
,352,-105.54927264,40.64876609,2579,29600,1,10.904,96,0,1,3,0,21,,
,353,-105.54803101,40.64807042,2599,23600,1,14.194,121,0,1,3,0,21,,
,354,-105.54581265,40.64792289,2608,20200,1,12.18,-32,0,1,3,0,24,,
,355,-105.5375757,40.64886665,2428,21800,1,14.609,91,0,1,3,0,24,,
,356,-105.59327009,40.64821845,2757,29200,1,10.146,101,0,1,3,0,16,,
,357,-105.52754382,40.64888418,2404,24900,1,14.839,120,0,0,2,0,25,,
,358,-105.52855912,40.6476468,2404,57600,1,14.58,151,0,0,2,0,25,,
,359,-105.55114784,40.64792651,2593,30100,1,18.671,126,0,1,3,0,21,,
,360,-105.65062129,40.64822032,3146,23800,1,10.764,45,0,0,3,0,13,,
,361,-105.56078446,40.64623041,2667,186300,1,14.456,0,0,0,3,0,21,,
,362,-105.52592602,40.6477114,2443,21200,1,12.119,109,0,0,15,0,25,,
,363,-105.57614491,40.64789092,2748,27900,1,12.99,84,0,1,3,0,15,,
,364,-105.61027956,40.64806939,2840,48400,1,14.348,-9,0,1,3,0,16,,
,365,-105.53667752,40.64794353,2447,21300,1,11.635,89,0,1,3,0,24,,
,366,-105.53931686,40.64689041,2491,49700,1,18.674,50,0,1,3,0,24,,
,367,-105.53306632,40.64694844,2422,36000,1,13.608,-39,0,0,2,0,26,,
,368,-105.6033491,40.6463425,2825,436300,1,17.127,85,0,1,3,0,16,,
,369,-105.59222214,40.64778504,2751,32500,1,13.038,297,0,1,3,0,15,,
,370,-105.57832712,40.64881391,2712,37300,1,19.911,93,0,1,3,0,15,,
,371,-105.54626136,40.64664043,2613,25800,1,7.315,37,0,0,3,0,24,,
,372,-105.55204001,40.64678142,2598,77300,1,13.94,71,0,1,3,0,21,,
,373,-105.53371166,40.64600171,2420,73900,1,10.976,-14,0,1,3,0,26,,
,374,-105.58298711,40.64769693,2689,26900,1,22.423,121,0,1,3,0,15,,
,375,-105.58324392,40.64643222,2725,79200,1,16.684,115,0,1,3,0,15,,
,376,-105.54838578,40.64702466,2615,22400,1,8.032,110,0,1,3,0,21,,
,377,-105.57287673,40.64727859,2758,45800,1,11.083,86,0,0,3,0,23,,
,378,-105.56685394,40.64683463,2726,39400,1,7.577,94,0,0,3,0,23,,
,379,-105.59054628,40.64713168,2709,43100,1,14.687,298,0,1,2,0,15,,
,380,-105.58991627,40.64603096,2706,65100,1,12.905,66,0,1,3,0,15,,
,381,-105.53737018,40.64556928,2473,34400,1,15.253,-6,0,1,3,0,26,,
,382,-105.59596077,40.64574062,2786,33500,1,17.188,10,0,1,3,0,15,,
,383,-105.55681247,40.64713731,2599,23600,1,10.518,13,0,0,3,0,21,,
,384,-105.52944427,40.64607863,2409,23400,1,24.298,157,0,0,2,0,27,,
,385,-105.52742685,40.64600963,2447,27300,1,10.186,139,0,0,2,0,27,,
,386,-105.55602402,40.64615605,2594,22200,1,8.252,35,0,0,3,0,21,,
,387,-105.54406764,40.64670025,2586,20200,1,12.742,53,0,1,3,0,24,,
,388,-105.59339448,40.64612154,2742,41300,1,12.525,10,0,1,3,0,15,,
,389,-105.52371033,40.64572365,2483,59700,1,10.443,268,0,0,15,0,27,,
,390,-105.54613825,40.64552921,2623,42500,1,10.076,17,0,0,3,0,24,,
,391,-105.5309593,40.64466076,2411,26300,1,13.047,-11,0,1,2,0,27,,
,392,-105.56361317,40.64475637,2739,25000,1,12.535,47,0,0,3,0,21,,
,393,-105.53939402,40.64474445,2530,57500,1,18.278,14,0,1,3,0,26,,
,394,-105.55192629,40.6454194,2621,60400,1,11.682,187,0,1,3,0,21,,
,395,-105.55491023,40.64525263,2594,25500,1,7.526,95,0,0,3,0,21,,
,396,-105.52799894,40.64518789,2440,23900,1,12.87,146,0,0,1,0,27,,
,397,-105.59673299,40.64455061,2799,25200,1,9.787,29,0,1,3,0,15,,
,398,-105.55832116,40.64574939,2624,67300,1,10.132,0,0,0,3,0,21,,
,399,-105.59384804,40.64241673,2823,325800,1,15.796,90,0,1,3,0,15,,
,400,-105.53877502,40.64340329,2501,72100,1,23.007,0,0,1,3,0,26,,
,401,-105.59232146,40.64341889,2788,38100,1,16.903,41,0,1,3,0,15,,
,402,-105.58957675,40.64507285,2715,32900,1,11.983,26,0,1,3,0,15,,
,403,-105.5300174,40.64424638,2416,20100,1,12.258,139,0,0,2,0,27,,
,404,-105.53598857,40.64495216,2441,52700,1,13.551,-14,0,1,3,0,26,,
,405,-105.55489427,40.64401278,2614,51400,1,8.587,88,0,0,3,0,21,,
,406,-105.54746015,40.64431565,2614,136600,1,12.903,256,0,1,2,0,26,,
,407,-105.53259391,40.64298591,2436,81200,1,7.217,0,0,1,3,0,27,,
,408,-105.53473351,40.64349461,2437,53600,1,11.879,122,0,1,3,0,26,,
,409,-105.6007309,40.64420166,2854,69000,1,12.723,-43,0,1,3,0,15,,
,410,-105.55670564,40.64263723,2656,98700,1,14.388,78,0,0,3,0,21,,
,411,-105.52508062,40.64460293,2463,66400,1,8.501,258,0,0,15,0,27,,
,412,-105.52709694,40.64382227,2447,29800,1,9.463,126,0,0,1,0,27,,
,413,-105.56133784,40.64391476,2706,33700,1,21.416,37,0,0,3,0,21,,
,414,-105.52628403,40.64296096,2469,77400,1,13.602,104,0,0,2,0,27,,
,415,-105.5527348,40.64156315,2633,84300,1,12.441,0,0,0,3,0,26,,
,416,-105.59955732,40.64291063,2841,36100,1,7.781,0,0,0,3,0,15,,
,417,-105.54968884,40.64236557,2586,56800,1,8.377,0,0,1,3,0,26,,
,418,-105.54450639,40.64290588,2574,92600,1,16.242,261,0,0,2,0,26,,
,419,-105.54735846,40.64245504,2569,30400,1,9.454,266,0,0,3,0,26,,
,420,-105.53006827,40.64196826,2446,28600,1,14.785,158,0,1,2,0,27,,
,421,-105.53822595,40.64122719,2486,74100,1,18.916,90,0,1,3,0,26,,
,422,-105.52619703,40.64191314,2487,30800,1,5.615,173,0,0,3,0,27,,
,423,-105.54423146,40.64227245,2570,35100,1,16.949,280,0,0,2,0,26,,
,424,-105.54646842,40.64079844,2560,95100,1,13.522,61,0,1,3,0,26,,
,425,-105.54842844,40.63904298,2598,52300,1,7.369,39,0,0,3,0,26,,
,426,-105.53305377,40.6411133,2449,51800,1,8.386,73,0,1,3,0,27,,
,427,-105.54200764,40.64142064,2522,25500,1,25.66,280,0,0,3,0,26,,
,428,-105.52805611,40.64141446,2472,22100,1,11.203,225,0,1,3,0,27,,
,429,-105.52802201,40.64078199,2474,32700,1,10.387,152,0,1,3,0,27,,
,430,-105.53639597,40.63968435,2496,50200,1,14.442,19,0,1,3,0,27,,
,431,-105.59504097,40.63944051,2925,21100,1,17.722,73,0,0,3,0,15,,
,432,-105.52664546,40.64022835,2492,25400,1,9.987,96,0,1,3,0,27,,
,433,-105.54201541,40.6397765,2521,30500,1,15.837,38,0,1,3,0,26,,
,434,-105.5961258,40.63987893,2920,100100,1,16.014,90,0,0,3,0,15,,
,435,-105.53367842,40.63984287,2473,50700,1,14.29,64,0,1,3,0,27,,
,436,-105.53769511,40.63953079,2530,25700,1,23.099,13,0,1,3,0,27,,
,437,-105.55138879,40.63999968,2620,47500,1,6.958,-34,0,0,3,0,26,,
,438,-105.53709595,40.63784141,2545,28400,1,12.914,35,0,1,3,0,27,,
,439,-105.5449382,40.63996123,2554,31900,1,12.26,44,0,1,3,0,26,,
,440,-105.53953745,40.63892255,2546,26600,1,15.004,91,0,1,3,0,26,,
,441,-105.53292527,40.63805588,2498,82000,1,10.114,0,0,1,3,0,27,,
,442,-105.52882322,40.63962208,2483,46400,1,12.032,150,0,1,3,0,27,,
,443,-105.54510135,40.63911732,2567,22000,1,7.146,-5,0,1,3,0,26,,
,444,-105.54187793,40.63884898,2540,31900,1,18.031,108,0,1,3,0,26,,
,445,-105.53439148,40.63857942,2505,26100,1,14.853,57,0,1,3,0,27,,
,446,-105.53023651,40.63812889,2497,41900,1,14.548,115,0,1,3,0,27,,
,447,-105.54366173,40.63762017,2576,31500,1,6.983,102,0,1,3,0,26,,
,448,-105.54037663,40.63786269,2569,20400,1,9.219,133,0,1,3,0,26,,
,449,-105.54181989,40.63711925,2581,49600,1,12.895,78,0,1,3,0,26,,
